Patient ID,Biopsy_nt_transcriptome,Biopsy_tu_transcriptome,Resection_nt_transcriptome,Resection_tu_transcriptome,Biopsy_nt_proteome,Biopsy_tu_proteome,Resection_nt_protome,Resection_tu_protome,Biopsy_nt_phospho,Biopsy_tu_phospho,Resection_nt_phospho,Resection_tu_phospho,Age,Sex,PreBx_MELD,PreBx_ALAT,PreBx_ASAT,PreBx_GGT,PreBx_AP,PreBx_Albumin,PreBx_Bilirubin,PreBx_Quick,PreBx_Hb,PreBx_Lc,PreBx_Tc,PreBx_CRP,PreBx_AFP,PreOP_MELD,PreOP_ALAT,PreOP_ASAT,PreOP_GGT,PreOP_AP,PreOP_Albumin,PreOP_Bilirubin,PreOP_Quick,PreOP_Hb,PreOP_Lc,PreOP_Tc,PreOP_CRP,PreOP_AFP,CHILD,BCLC,Nr of nodules,Max nodule size,Time between resection and biopsy,Total surgery time = ischemia time,Tumor diagnosis,Biopsy_nt_hepatocyte,Resection_nt_hepatocyte,Biopsy_nt_stroma,Resection_nt_stroma,Biopsy_tu_tumor,Resection_tu_tumor,Biopsy_tu_stroma,Resection_tu_stroma,Biopsy_tu_necrosis,Resection_tu_necrosis,Biopsy_tu_nontumor,Resection_tu_nontumor
,,,,,,,,,,,,,,,,,,,,,,,,,,,,,,,,,,,,,,,,,,,,,,,,,,,,,,,,,,,
A,BSSE_QGF_145457,BSSE_QGF_145458,BSSE_QGF_145465,BSSE_QGF_145466,068_BR-LF-3_C21,069_BR-LF-3_C21,080_BR-LF-3_C21,081_BR-LF-3_C21,068r_BR-LF-3P_PO4_C21,069r_BR-LF-3P_PO4_C21,080_BR-LF-3P_PO4_C21,081_BR-LF-3P_PO4_C21,56,F,6,24,29,60,61,37,6,93,145,12,471,7,3,6,20,NA,45,62,41,5,99,NA,NA,NA,3,NA,NA,NA,1,50,25,189,CCC,97,91,3,9,44,78,31,14,6,0,19,8
,,,,,,,,,,,,,,,,,,,,,,,,,,,,,,,,,,,,,,,,,,,,,,,,,,,,,,,,,,,
B,BSSE_QGF_129466,BSSE_QGF_129467,BSSE_QGF_129468,BSSE_QGF_129469,NA,NA,NA,NA,NA,NA,NA,NA,59,M,12,53,55,46,137,36,43,72,141,4,54,3,4,NA,NA,NA,NA,NA,NA,NA,NA,NA,NA,NA,NA,NA,NA,A,1,70,43,NA,HCC,84,94,16,6,86,99,8,0,0,1,5,0
,,,,,,,,,,,,,,,,,,,,,,,,,,,,,,,,,,,,,,,,,,,,,,,,,,,,,,,,,,,
C,BSSE_QGF_145480,BSSE_QGF_145481,BSSE_QGF_182091,BSSE_QGF_182092,001_BR-LF-3_C21,002_BR-LF-3_C21,041_BR-LF-3_C21,042rr_BR-LF-3_C21,001_BR-LF-3P_PO4_C21,002_BR-LF-3P_PO4_C21,041_BR-LF-3P_PO4_C21,042_BR-LF-3P_PO4_C21,83,M,6,48,48,467,129,37,12,93,122,4,149,3,4,7,48,83,796,557,26,12,77,86,4,165,120,NA,A,B,multi-nodular ,28,245,164,HCC,62,91,38,9,92,98,8,0,0,2,0,0
,,,,,,,,,,,,,,,,,,,,,,,,,,,,,,,,,,,,,,,,,,,,,,,,,,,,,,,,,,,
D,BSSE_QGF_182052,BSSE_QGF_182053,BSSE_QGF_182082,BSSE_QGF_182083,011_BR-LF-3_C21,012_BR-LF-3_C21,032_BR-LF-3_C21,033r_BR-LF-3_C21,011_BR-LF-3P_PO4_C21,012_BR-LF-3P_PO4_C21,032_BR-LF-3P_PO4_C21,033_BR-LF-3P_PO4_C21,70,F,6,29,22,23,82,41,9,94,147,11,254,0.3,2,6,22,20,22,93,42,11,95,139,11,284,0.3,NA,NA,A,1,23,29,87,HCC,84,87,16,13,47,97,29,3,0,0,24,0
,,,,,,,,,,,,,,,,,,,,,,,,,,,,,,,,,,,,,,,,,,,,,,,,,,,,,,,,,,,
E,BSSE_QGF_145476,BSSE_QGF_145477,BSSE_QGF_145478,BSSE_QGF_145479,075_BR-LF-3_C21,076_BR-LF-3_C21,087_BR-LF-3_C21,088_BR-LF-3_C21,075_BR-LF-3P_PO4_C21,076_BR-LF-3P_PO4_C21,087_BR-LF-3P_PO4_C21,088_BR-LF-3P_PO4_C21,79,M,6,18,26,167,80,39,10,94,127,5,139,3,12,7,26,28,149,83,38,9,87,139,6,184,2,NA,NA,A,2,29,31,149,HCC,93,90,7,10,61,99,19,1,5,0,15,0
,,,,,,,,,,,,,,,,,,,,,,,,,,,,,,,,,,,,,,,,,,,,,,,,,,,,,,,,,,,
F,BSSE_QGF_145472,BSSE_QGF_145473,BSSE_QGF_145474,BSSE_QGF_145475,077_BR-LF-3_C21,078_BR-LF-3_C21,089_BR-LF-3_C21,090_BR-LF-3_C21,077_BR-LF-3P_PO4_C21,078_BR-LF-3P_PO4_C21,089_BR-LF-3P_PO4_C21,090_BR-LF-3P_PO4_C21,49,M,6,30,29,59,53,38,13,103,161,6,196,1,2,6,25,26,49,56,39,5,115,154,5,209,1,NA,NA,A,1,35,11,212,HCC,99,97,1,3,75,96,10,4,14,0,0,0
,,,,,,,,,,,,,,,,,,,,,,,,,,,,,,,,,,,,,,,,,,,,,,,,,,,,,,,,,,,
G,BSSE_QGF_182080,BSSE_QGF_182081,BSSE_QGF_182108,BSSE_QGF_182109,030_BR-LF-3_C21,031_BR-LF-3_C21,055_BR-LF-3_C21,056_BR-LF-3_C21,030_BR-LF-3P_PO4_C21,031_BR-LF-3P_PO4_C21,055_BR-LF-3P_PO4_C21,056_BR-LF-3P_PO4_C21,79,M,6,24,NA,51,52,34,11,88,160,5,200,0.6,4,17,22,25,52,56,32,7,31,7,181,154,2,NA,NA,NA,5,40,9,167,CCC,93,93,7,7,23,5,56,47,11,47,9,0
,,,,,,,,,,,,,,,,,,,,,,,,,,,,,,,,,,,,,,,,,,,,,,,,,,,,,,,,,,,
H,BSSE_QGF_129476,BSSE_QGF_129477,BSSE_QGF_129480,BSSE_QGF_129481,NA,NA,NA,NA,NA,NA,NA,NA,69,F,11,24,31,23,80,33,25,65,127,4,87,1,NA,9,28,35,53,95,36,21,69,117,4,98,NA,NA,NA,A,1,50,20,64,HCC,68,82,32,18,98,96,2,4,0,0,0,0
,,,,,,,,,,,,,,,,,,,,,,,,,,,,,,,,,,,,,,,,,,,,,,,,,,,,,,,,,,,
I,BSSE_QGF_182072,BSSE_QGF_182073,BSSE_QGF_182106,BSSE_QGF_182107,024_BR-LF-3_C21,025_BR-LF-3_C21,053_BR-LF-3_C21,054_BR-LF-3_C21,024_BR-LF-3P_PO4_C21,025_BR-LF-3P_PO4_C21,053_BR-LF-3P_PO4_C21,054_BR-LF-3P_PO4_C21,54,F,6,35,34,53,92,39,5,91,148,8,142,2,4,6,37,33,44,79,36,6,91,129,6,140,1.2,NA,A ,A,1,55,30,157,HCC,84,94,16,6,75,99,17,1,0,0,8,0
,,,,,,,,,,,,,,,,,,,,,,,,,,,,,,,,,,,,,,,,,,,,,,,,,,,,,,,,,,,
J,BSSE_QGF_182064,BSSE_QGF_182065,BSSE_QGF_182098,BSSE_QGF_182099,018_BR-LF-3_C21,019_BR-LF-3_C21,045_BR-LF-3_C21,046_BR-LF-3_C21,018_BR-LF-3P_PO4_C21,019_BR-LF-3P_PO4_C21,045_BR-LF-3P_PO4_C21,046_BR-LF-3P_PO4_C21,77,M,25,6,11,78,31,13,44,68,117,11,311,33,NA,22,11,10,59,78,32,8,80,102,10,198,24,NA,NA,A,1,54,28,122,HCC,93,88,7,12,24,92,1,8,75,0,0,0
,,,,,,,,,,,,,,,,,,,,,,,,,,,,,,,,,,,,,,,,,,,,,,,,,,,,,,,,,,,
K,BSSE_QGF_129474,BSSE_QGF_129475,BSSE_QGF_129478,BSSE_QGF_129479,NA,NA,NA,NA,NA,NA,NA,NA,71,M,7,35,41,87,64,35,13,84,130,4,191,2,NA,7,19,29,78,58,31,12,82,113,5,223,NA,NA,NA,A,1,60,27,151,HCC,97,89,3,11,39,100,11,0,0,0,50,0
,,,,,,,,,,,,,,,,,,,,,,,,,,,,,,,,,,,,,,,,,,,,,,,,,,,,,,,,,,,
L,BSSE_QGF_145460,BSSE_QGF_145461,BSSE_QGF_145462,BSSE_QGF_145463,071_BR-LF-3_C21,072_BR-LF-3_C21,084_BR-LF-3_C21,085_BR-LF-3_C21,071r_BR-LF-3P_PO4_C21,072r_BR-LF-3P_PO4_C21,084_BR-LF-3P_PO4_C21,085_BR-LF-3P_PO4_C21,66,F,8,14,28,86,63,20,14,70,115,8,90,21,NA,8,15,26,68,73,29,14,75,140,8,111,22,NA,A ,A,1,28,18,67,HCC,47,74,53,26,96,91,4,9,0,0,0,0
,,,,,,,,,,,,,,,,,,,,,,,,,,,,,,,,,,,,,,,,,,,,,,,,,,,,,,,,,,,
M,BSSE_QGF_145467,BSSE_QGF_145468,NA,BSSE_QGF_145471,073_BR-LF-3_C21,074_BR-LF-3_C21,NA,086_BR-LF-3_C21,073r_BR-LF-3P_PO4_C21,074_BR-LF-3P_PO4_C21,NA,086_BR-LF-3P_PO4_C21,70,M,11,29,35,250,100,37,25,62,129,9,119,6,7,9,26,31,213,92,39,19,67,132,7,109,4,NA,A ,A,1,45,23,60,HCC,47,NA,53,NA,61,14,39,86,0,0,0,0
,,,,,,,,,,,,,,,,,,,,,,,,,,,,,,,,,,,,,,,,,,,,,,,,,,,,,,,,,,,
N,BSSE_QGF_182054,BSSE_QGF_182055,BSSE_QGF_182084,BSSE_QGF_182085,013_BR-LF-3_C21,014_BR-LF-3_C21,034_BR-LF-3_C21,035_BR-LF-3_C21,013_BR-LF-3P_PO4_C21,014_BR-LF-3P_PO4_C21,034_BR-LF-3P_PO4_C21,035_BR-LF-3P_PO4_C21,60,M,6,12,24,33,99,42,3,0,137,6,220,0.6,NA,6,18,29,202,163,44,7,93,148,13,302,3,NA,NA,A,2,15,15,108,HCC,96,74,4,26,64,50,24,50,12,0,0,0
,,,,,,,,,,,,,,,,,,,,,,,,,,,,,,,,,,,,,,,,,,,,,,,,,,,,,,,,,,,
O,BSSE_QGF_182066,BSSE_QGF_182067,BSSE_QGF_182100,BSSE_QGF_182101,020_BR-LF-3_C21,021_BR-LF-3_C21,047_BR-LF-3_C21,048_BR-LF-3_C21,020_BR-LF-3P_PO4_C21,021_BR-LF-3P_PO4_C21,047_BR-LF-3P_PO4_C21,048_BR-LF-3P_PO4_C21,78,M,12,54,60,274,117,42,22,78,138,5,103,3,10,8,44,52,288,116,39,18,80,138,5,101,4,NA,A ,A,1,42,28,79,HCC,76,91,24,9,64,94,3,5,33,1,0,0
,,,,,,,,,,,,,,,,,,,,,,,,,,,,,,,,,,,,,,,,,,,,,,,,,,,,,,,,,,,
P,BSSE_QGF_55728,BSSE_QGF_55730,BSSE_QGF_129482,BSSE_QGF_55744,059_BR-LF-3_C21,061_BR-LF-3_C21,063_BR-LF-3_C21,066_BR-LF-3_C21,059_BR-LF-3P_PO4_C21,061_BR-LF-3P_PO4_C21,063_BR-LF-3P_PO4_C21,066_BR-LF-3P_PO4_C21,74,M,7,23,105,138,108,26,7,79,123,8,305,28,2,7,NA,NA,NA,NA,NA,NA,NA,NA,NA,NA,NA,NA,NA,A,1,220,10,NA,HCC,97,97,3,3,28,42,7,15,65,43,0,0
,,,,,,,,,,,,,,,,,,,,,,,,,,,,,,,,,,,,,,,,,,,,,,,,,,,,,,,,,,,
Q,BSSE_QGF_182070,BSSE_QGF_182071,BSSE_QGF_182102,BSSE_QGF_182103,022_BR-LF-3_C21,023_BR-LF-3_C21,049_BR-LF-3_C21,050_BR-LF-3_C21,022_BR-LF-3P_PO4_C21,023_BR-LF-3P_PO4_C21,049_BR-LF-3P_PO4_C21,050_BR-LF-3P_PO4_C21,70,F,7,12,22,21,60,41,11,86,132,4,103,0.3,7,7,13,20,18,63,42,11,86,132,4,103,0.3,NA,A ,0,1,15,32,89,HCC,NA,76,NA,24,NA,74,NA,26,NA,0,NA,0
,,,,,,,,,,,,,,,,,,,,,,,,,,,,,,,,,,,,,,,,,,,,,,,,,,,,,,,,,,,
R,BSSE_QGF_182046,BSSE_QGF_182047,BSSE_QGF_182048,BSSE_QGF_182049,004_BR-LF-3_C21,005_BR-LF-3_C21,006_BR-LF-3_C21,007_BR-LF-3_C21,004_BR-LF-3P_PO4_C21,005_BR-LF-3P_PO4_C21,006_BR-LF-3P_PO4_C21,007_BR-LF-3P_PO4_C21,79,M,14,17,24,96,92,40,13,71,110,17,193,15,2,12,19,23,84,87,31,16,68,87,12,173,54,NA,NA,NA,1,70,7,140,CCC,99,95,1,5,12,10,24,66,64,24,0,0
,,,,,,,,,,,,,,,,,,,,,,,,,,,,,,,,,,,,,,,,,,,,,,,,,,,,,,,,,,,
S,BSSE_QGF_182056,BSSE_QGF_182057,BSSE_QGF_182087,BSSE_QGF_182088,015_BR-LF-3_C21,016_BR-LF-3_C21,037_BR-LF-3_C21,038_BR-LF-3_C21,015_BR-LF-3P_PO4_C21,016_BR-LF-3P_PO4_C21,037_BR-LF-3P_PO4_C21,038_BR-LF-3P_PO4_C21,68,M,6,43,31,62,79,42,10,97,156,8,192,4,3,6,18,29,202,163,44,7,93,148,13,302,3,NA,NA,NA,2,59,16,435,CCC,96,91,4,9,23,26,29,73,0,0,48,1
,,,,,,,,,,,,,,,,,,,,,,,,,,,,,,,,,,,,,,,,,,,,,,,,,,,,,,,,,,,
T,BSSE_QGF_182074,BSSE_QGF_182075,BSSE_QGF_182104,BSSE_QGF_182105,026_BR-LF-3_C21,027_BR-LF-3_C21,051_BR-LF-3_C21,052_BR-LF-3_C21,026_BR-LF-3P_PO4_C21,027_BR-LF-3P_PO4_C21,051_BR-LF-3P_PO4_C21,052_BR-LF-3P_PO4_C21,69,M,7,25,34,140,133,36,14,82,131,7,286,2,NA,7,26,31,123,125,38,11,85,129,6,279,3,NA,A ,A,1,40,19,235,HCC,67,72,33,28,66,100,30,0,4,0,0,0
,,,,,,,,,,,,,,,,,,,,,,,,,,,,,,,,,,,,,,,,,,,,,,,,,,,,,,,,,,,
U,BSSE_QGF_182076,BSSE_QGF_182077,BSSE_QGF_182110,BSSE_QGF_182111,028_BR-LF-3_C21,029_BR-LF-3_C21,057_BR-LF-3_C21,058_BR-LF-3_C21,028_BR-LF-3P_PO4_C21,029_BR-LF-3P_PO4_C21,057_BR-LF-3P_PO4_C21,058_BR-LF-3P_PO4_C21,81,M,8,26,102,80,120,29,18,85,127,5,400,33,2,10,25,128,102,101,31,20,80,140,6,241,13,NA,NA,A,1,182,15,134,HCC,92,94,8,6,87,94,8,2,5,4,0,0
